Complexity,Loss,Equation
1,0.70439196,"0.045209747"
3,5.4356464e-5,"Nc + -5.435336e-5"
6,5.0967765e-7,"(2.1375857e-10 / square(r0)) + Nc"
