Complexity,Loss,Equation
1,0.70235604,"0.05278547"
3,3.8616894e-5,"Lc + -3.860664e-5"
