Complexity,Loss,Equation
1,0.70235634,"0.052338067"
3,0.0018047557,"Nr * 1.0005045"
