Complexity,Loss,Equation
1,0.70266587,"0.0512461"
3,1.0348029e-12,"Nr + -2.0437307e-10"
