Complexity,Loss,Equation
1,1.3023715,"-13.229591"
6,0.9857758,"(square(L0) * 1.2689321) + -14.668005"
