Complexity,Loss,Equation
1,0.005276807,"r0"
3,1.9042556e-6,"Nr * 0.9999973"
